id,price
0,2227.084
1,3244.482
2,2876.6940833333333
3,2108.886333333334
4,4399.575
5,3427.22
6,2160.036904761904
7,2875.2338571428572
8,2087.0336547619045
9,3211.7564166666666
10,2151.5295597041854
11,2738.0225595238094
12,5754.991781746034
13,2918.8917500000007
14,3378.2449999999994
15,3136.5358988095236
16,2563.40451388889
17,3084.8975
18,5871.482392857143
19,4613.557833333333
20,3537.227654761905
21,5868.3475
22,3658.991666666667
23,4060.5003333333334
24,4496.390380952382
25,1725.6484484126986
26,4468.890369047618
27,3340.670755411257
28,5481.16
29,3325.415
30,1231.0733333333333
31,4296.29
32,2430.571305555555
33,3468.4304166666675
34,3390.314913780664
35,1635.5728333333332
36,4260.5704166666665
37,2120.983113095237
38,4414.185666666667
39,2767.81075
40,2563.501666666667
41,7558.626511904763
42,6815.545
43,1718.3549999999998
44,2024.0123214285716
45,6455.85425
46,2965.204333333334
47,1473.534810150376
48,2295.46375
49,5440.764952380953
50,1900.1184761904765
51,1378.5984999999998
52,3741.1664583333336
53,2964.3970833333337
54,4940.350154761905
55,3253.5849974192456
56,6824.48
57,4597.955
58,3043.83
59,4982.118744047619
60,1938.4785000000002
61,2069.785
62,3612.4629999999993
63,3710.469142857143
64,4572.892474567099
65,4288.47
66,5531.78
67,3879.235833333333
68,5317.300833333333
69,3885.5046428571427
70,13068.440803571424
71,2141.1966666666667
72,4627.75375
73,4410.598333333333
74,5488.49675
75,2307.744583333333
76,6307.205833333333
77,3897.2062083333335
78,4201.1073333333325
79,3074.3691666666664
80,4295.245416666667
81,8141.962368686869
82,3769.91
83,5048.545773809524
84,2861.9337777777782
85,2168.373666666667
86,4472.536950937951
87,4682.511183441559
88,5853.0175
89,4714.860416666666
90,8655.889380952382
91,4662.646513888889
92,4459.77075
93,5862.855
94,4473.9875
95,4625.51975
96,1020.4002500000003
97,4490.137
98,2305.239666666667
99,2817.647
100,3616.09
101,4456.050416666666
102,6755.899166666667
103,2968.1393333333335
104,3605.435
105,6413.068035714286
106,2723.911333333333
107,4964.975
108,5993.941591810967
109,5968.338059523809
110,3361.308333333334
111,4787.925416666667
112,2628.5125
113,4637.524738095238
114,3640.617011904762
115,6341.003833333333
116,3961.535
117,3628.2198333333336
118,3880.014416666667
119,1272.8168095238098
120,3881.8659166666666
121,5890.516750000001
122,2172.340152777778
123,6827.0081785714265
124,4298.5395
125,3822.609523809524
126,3169.8021666666664
127,4115.74625
128,1209.1808333333333
129,4041.345166666668
130,2918.2853333333333
131,1145.265
132,3818.7825000000007
133,5260.405500000001
134,6393.132464285713
135,2077.68775
136,2546.725
137,2307.7175
138,2295.842065476191
139,5074.385
140,3269.225
141,3164.4219999999996
142,2040.5054166666669
143,3089.7651607142852
144,3518.793333333333
145,4706.215
146,6792.5455
147,3156.509416666667
148,5314.435666666666
149,5122.393416666666
150,5644.558583333334
151,3251.8785
152,1198.9221666666667
153,4366.46
154,4224.625
155,2811.7762142857136
156,3680.586
157,2914.6934722222213
158,2797.507690476191
159,2462.7805162337663
160,3822.609523809524
161,2916.0525
162,8569.89
163,6999.065083333333
164,4172.604166666666
165,3378.467035714286
166,5869.71125
167,9002.612779761906
168,4631.729166666667
169,2130.7304166666668
170,1640.11
171,3125.1591805555554
172,2418.4481130952377
173,1742.2770238095236
174,1386.0808333333337
175,4050.1592261904757
176,2949.56
177,2905.55169047619
178,3557.646357142857
179,3068.5825
180,3820.654517857143
181,4276.95
182,3269.4700357142865
183,4973.989166666666
184,7823.839523809522
185,1799.1233333333334
186,4061.135
187,2421.7101071428574
188,5223.40575
189,3627.816666666667
190,2409.8225
191,830.0904166666669
192,3474.934648809524
193,4796.713
194,2810.047
195,10780.068333333335
196,4926.149934523809
197,3181.922650793651
198,4282.412940476191
199,3066.0675416666663
200,6924.025991341992
201,3963.3118333333327
202,3684.6662976190473
203,3211.8215
204,12291.5
205,2937.5325
206,3767.575
207,2443.1803571428572
208,3320.4960918109673
209,3300.8397500000005
210,3090.569892857143
211,1718.162916666666
212,4732.010833333334
213,9052.456561507937
214,3348.728202380953
215,1318.0509166666668
216,2685.1586567460326
217,7076.672833333333
218,4099.651303571428
219,3920.756452380952
220,8189.134587301586
221,4239.160464285714
222,12602.21
223,2827.2242499999998
224,6710.957464285714
225,4459.475
226,3724.308333333333
227,4058.740595238096
228,6838.241666666666
229,2961.88457936508
230,2023.7365158730165
231,2303.792095238095
232,5182.145
233,5915.86432142857
234,2476.5876253607503
235,4165.284630952381
236,4607.697619047619
237,4169.446
238,5886.427749999999
239,2320.903264069264
240,3560.125
241,3050.3495833333336
242,2127.313833333333
243,1924.0341666666666
244,6770.629499999999
245,7114.751166666666
246,3081.13625
247,2253.5270178571427
248,2766.6628333333333
249,1310.603263888889
250,2498.18125
251,4846.165083333334
252,3233.792
253,2237.3255833333333
254,6242.115333333333
255,3014.403501984127
256,4650.39
257,8817.25869047619
258,3393.212083333334
259,1655.309166666667
260,5390.199166666666
261,3640.617011904762
262,6578.6575
263,3806.1752500000002
264,2405.3058333333333
265,6029.578940476192
266,3187.50375
267,3278.364060771745
268,3826.532166666667
269,4693.568640873015
270,2632.8241666666668
271,4129.0806309523805
272,3182.313
273,3612.541982142856
274,1508.7986666666666
275,2723.94
276,4982.6424166666675
277,7311.305
278,3121.26
279,3045.9532083333343
280,2046.1088174603176
281,4159.129166666667
282,4714.583666666667
283,4670.112023809524
284,2383.15
285,4952.215
286,2535.8105
287,4201.210333333333
288,4169.249261904761
289,2621.963299145299
290,1989.1178333333335
291,3339.4251428571424
292,1669.517369047619
293,6110.66528706016
294,2964.530416666667
295,2268.69
296,2132.521333333333
297,1927.372285714286
298,3437.61375
299,1630.6881666666668
300,3773.19625
301,1900.1184761904765
302,3284.5784166666663
303,9127.480710317459
304,5289.12625
305,3563.2359166666665
306,4496.169166666667
307,1749.2485833333337
308,4124.333101190476
309,6885.136666666667
310,1599.89
311,1964.8220000000001
312,5996.976375000001
313,3608.2974761904766
314,4334.3485
315,4585.25
316,2691.3529166666663
317,5858.469916666667
318,3007.1925000000024
319,4595.423416666667
320,5465.986777777778
321,6269.906249999999
322,3268.7573095238095
323,3444.161083333333
324,1198.9221666666667
325,5514.295595238094
326,1720.2604285714292
327,4022.524333333333
328,3613.809583333333
329,4030.8223333333335
330,6120.388017857143
331,2817.64
332,7427.5
333,5023.263833333333
334,5190.022976190476
335,2608.3433333333332
336,3212.6817142857144
337,10452.221666666665
338,2421.7101071428574
339,1422.151
340,2710.3687499999996
341,4981.992833333334
342,3048.8815833333333
343,2040.5054166666669
344,3242.256666666666
345,5641.461916666666
346,1756.978904761905
347,5990.054095238098
348,3847.436714285715
349,1197.927
350,2498.028666666666
351,5878.967634199134
352,2629.0135952380947
353,3002.6760000000004
354,2807.6417500000007
355,6780.227333333332
356,2948.0860833333336
357,4431.801912698412
358,3482.9352380952387
359,4198.700628607505
360,2425.935
361,4547.897690476189
362,963.8964166666666
363,2474.4230859279614
364,3275.884583333334
365,4511.829202380954
366,4796.326416666667
367,2749.5320714285713
368,8246.286916666666
369,3170.0310000000004
370,4069.4517500000006
371,3695.605916666667
372,4261.669452380952
373,4591.862999999999
374,1912.1949464285717
375,3861.775
376,7427.5
377,7780.21
378,1823.2406666666666
379,3046.3976309523814
380,1993.4647500000003
381,3114.163214285714
382,7579.701333333334
383,4001.2511666666664
384,3468.5675
385,2424.2256269841273
386,2352.62517857143
387,4652.890833333334
388,1391.5405
389,5120.131767857145
390,5006.6142023809525
391,2182.4501666666665
392,1729.1384166666667
393,3765.320833333333
394,1686.33375
395,2848.54018452381
396,5194.662050446287
397,5343.310765151514
398,2632.4
399,5738.369083333333
400,6045.699666666666
401,11743.745
402,8140.971333333333
403,4660.429485569985
404,2871.4108333333334
405,4179.550833333333
406,4413.6734166666665
407,6078.7330833333335
408,5695.233761904762
409,6563.183464285713
410,3792.848749999999
411,1507.4086369047616
412,2311.6266666666666
413,3553.791619047619
414,4342.163333333333
415,5885.3225
416,2164.56125
417,3046.1387261904774
418,3751.193333333333
419,4338.596041666668
420,3434.6863690476193
421,10931.913833333332
422,1991.1969821428568
423,3133.3145833333333
424,2782.994583333333
425,5345.294
426,2233.7727499999996
427,4148.425
428,8614.77658531746
429,3153.4952499999995
430,5164.7
431,4542.6345833333335
432,3086.5178333333333
433,6050.77625
434,7346.844583333333
435,2965.5575
436,3268.1542500000005
437,5659.318333333334
438,2702.16
439,5348.245
440,2777.424166666666
441,4258.591339285715
442,6023.1175
443,9885.71
444,3616.5956309523813
445,5777.47875
446,5841.385
447,2506.4983333333334
448,9309.910833333333
449,3545.5709166666666
450,6088.68369047619
451,7595.676916666665
452,6055.346809523809
453,6614.418095238097
454,1970.2263095238097
455,3917.9435
456,1948.3475
457,5422.926666666667
458,4572.734166666666
459,5996.976375000001
460,2077.178666666667
461,5641.994411976912
462,7474.195
463,7654.168712121213
464,5724.310083333333
465,5213.702630952381
466,3948.981547619047
467,4994.6243690476185
468,3549.5257083333336
469,5009.905
470,9107.127
471,4622.527166666666
472,5826.41
473,1929.3241666666665
474,3095.6504835164833
475,3482.8439047619067
476,2332.1275000000005
477,9560.103999999998
478,2971.763333333334
479,3204.745833333333
480,3562.0675833333335
481,3320.4960918109673
482,4201.242
483,3991.7225
484,4330.283059523809
485,7616.011013888889
486,5999.418178571429
487,2701.2875
488,2280.789726190475
489,2205.3240535714285
490,1914.9805357142852
491,6767.527916666668
492,7559.43875
493,4716.643333333333
494,2883.0
495,1631.980369047619
496,2415.4914980158733
497,3530.376333333333
498,6103.86275
499,2237.88825
500,1785.184583333334
501,7727.175
502,8466.75125
503,3844.5993690476193
504,3155.296666666666
505,2494.077333333333
506,3981.95
507,6865.519428571427
508,4972.4628571428575
509,2525.215819264069
510,5856.345833333334
511,4230.068333333333
512,3590.409555555556
513,4490.806805555556
514,2006.9076964285716
515,2784.645
516,4029.314666666667
517,4033.078452380952
518,5968.728166666667
519,3969.0665119047626
520,1624.8689126984127
521,4662.646513888889
522,5591.5025
523,3967.3093333333327
524,6430.785833333333
525,11245.95225
526,3087.35280952381
527,1985.1503333333333
528,2780.7680000000005
529,4844.6625
530,3023.7724999999996
531,3553.4380160533906
532,2164.2458333333334
533,4256.158511904761
534,4002.7025
535,3628.8007500000003
536,1857.5971666666665
537,2612.122458333333
538,1928.3433333333337
539,2972.855
540,1532.045166666667
541,5322.347666666666
542,2859.873833333333
543,1897.9858333333332
544,5436.82625
545,2657.7443333333335
546,1540.715
547,4368.323014069264
548,2376.3
549,2594.6556071428577
550,13424.600999999999
551,2350.143797619048
552,2205.3984722222217
553,3583.815499999999
554,3479.3116666666665
555,6946.3308333333325
556,3656.9412500000008
557,3767.236666666666
558,2597.3985833333336
559,3509.1917718253953
560,2097.5329166666666
561,5355.216666666667
562,3461.2434166666662
563,2045.6724404761903
564,3442.79
565,1891.2679166666667
566,8513.327916666667
567,2982.211
568,2627.06
569,3643.934517857144
570,3631.721388888889
571,3530.039690476191
572,8828.270416666666
573,2437.6763333333333
574,3259.0498333333326
575,4438.8429264069255
576,3599.491142857142
577,1539.2649345238099
578,1874.73
579,3668.378130952382
580,4764.452583333333
581,4738.7810238095235
582,6465.7925
583,2741.8368333333333
584,4063.694333333333
585,3104.026083333333
586,2973.6214642857144
587,2344.3555952380957
588,3317.482
589,1761.325
590,4988.995
591,4817.300625
592,3342.417833333335
593,2879.901666666666
594,6036.825
595,4397.264166666667
596,6153.168333333334
597,5352.349238095237
598,3059.1943095238107
599,4488.377166666667
600,5267.3375
601,3793.459166666667
602,1630.6881666666668
603,2229.8216666666667
604,2730.730541666667
605,4829.513333333333
606,4064.9590357142865
607,6215.642297619047
608,8067.27
609,3068.7776686507937
610,3791.908571428572
611,2353.1721666666667
612,7040.696916666667
613,3070.27
614,11333.473634920634
615,5613.679503968255
616,2408.6674141414155
617,2119.3818432539683
618,4256.58298809524
619,7202.518107142857
620,5305.695083333333
621,4911.485
622,4252.569928571427
623,5714.032351190475
624,5826.080755952381
625,3514.14
626,5729.4195
627,4080.322928571428
628,4135.377666666666
629,4016.23
630,4499.40625
631,3076.0
632,4105.856666666667
633,5880.1745833333325
634,7589.175458333335
635,5056.073333333333
636,4116.404166666667
637,2254.2043214285713
638,4123.866821428571
639,4897.954333333333
640,4176.69339069264
641,5399.44
642,6875.314166666666
643,2730.730541666667
644,3063.795083333333
645,2261.8142738095244
646,1767.0185000000001
647,1746.01
648,1699.63375
649,11245.95225
650,8169.205924242426
651,3484.971333333333
652,3480.148130952381
653,2144.7726666666667
654,3170.0310000000004
655,3046.1387261904774
656,7214.9425
657,5219.207
658,8360.398035714285
659,2027.775
660,3582.529595238096
661,2401.8425
662,4425.645666666667
663,3321.298333333333
664,5540.2475
665,2405.241
666,1695.5836666666667
667,4563.131333333334
668,10419.255791666666
669,2298.764198412699
670,2491.6976329365084
671,1216.2019523809522
672,2775.8578928571433
673,1549.0341666666666
674,2004.90721031746
675,1657.61
676,2122.7781666666665
677,6151.2820833333335
678,5361.505000000001
679,3440.352976190475
680,4245.45275
681,4904.103166666667
682,3758.4842142857146
683,1765.2352261904762
684,2135.600434343434
685,3441.979166666667
686,3255.7929999999997
687,2417.35
688,8027.965416666666
689,3953.3916141219897
690,4263.3132857142855
691,4405.661456709955
692,4286.799166666667
693,4508.011916666667
694,4683.106416666667
695,6722.963857142858
696,4450.23
697,3956.4483333333333
698,1806.064345238095
699,4945.533666666667
700,3155.046666666667
701,4526.715
702,4814.6874226190475
703,7358.308166666667
704,2734.8615833333333
705,5120.131767857145
706,3255.70375
707,3579.8854464285714
708,4714.583666666667
709,1725.1259285714286
710,12547.586666666664
711,6632.709999999999
712,4062.0
713,2817.6833730158733
714,2888.1425
715,3787.1783333333337
716,2054.49
717,3354.908
718,8537.441916666667
719,2066.1318055555553
720,5631.025
721,4959.214999999999
722,4486.889601190476
723,1909.9691666666663
724,4394.96875
725,4914.726166666665
726,5792.140170634921
727,3514.3469464285718
728,3930.2215833333325
729,3067.275
730,2855.643416666667
731,6441.402077380952
732,4969.619000000001
733,4391.316559704184
734,1838.4347059329561
735,4159.78125
736,2237.55625
737,3477.519166666667
738,2940.523607142857
739,5922.027708333334
740,4829.584416666666
741,2380.3146547619053
742,4809.857666666667
743,7654.168712121213
744,2749.5320714285713
745,5281.855
746,1165.3945833333335
747,3355.318880952381
748,4809.199166666667
749,4877.914851190476
750,2543.3392678571427
751,3203.0106309523817
752,5724.196833333333
753,4629.695
754,4851.371333333333
755,6411.582749999999
756,5819.300833333333
757,2233.7727499999996
758,2443.7054404761907
759,3656.805833333334
760,13225.779166666667
761,3170.2486666666664
762,8153.16082142857
763,1917.1536250000001
764,3790.1308333333336
765,3106.495
766,4324.700976190476
767,2646.6807599206354
768,3519.4070357142855
769,4946.995
770,2028.555904761905
771,2024.291666666667
772,1985.1503333333333
773,2899.9478502885995
774,6301.8441785714285
775,3406.363130952381
776,11296.678714285714
777,5693.243333333333
778,2526.783666666667
779,1158.7873809523812
780,3266.417
781,2731.6425
782,2692.488
783,4840.828517857144
784,3638.921166666667
785,9959.540571428572
786,4751.488333333333
787,4502.76
788,3616.5956309523813
789,6150.290173992674
790,5930.538833333333
791,4982.99
792,4072.7129166666673
793,4162.875749999999
794,2089.642955298786
795,6907.755833333334
796,3841.497303571428
797,4024.92375
798,2749.5320714285713
799,1839.23225
800,4798.324047619048
801,5750.0625
802,5136.406666666666
803,6341.37073611111
804,2029.72625
805,4004.24125
806,4961.28
807,4032.5040000000004
808,3648.760416666667
809,2446.6730725108223
810,5339.255583333334
811,2185.2545
812,4764.452583333333
813,2393.61
814,4478.162083333333
815,3626.659200396824
816,2564.8815
817,3225.4175000000005
818,5408.045994047619
819,3956.2962261904763
820,3531.6175
821,3036.4225
822,3211.96
823,7303.4158333333335
824,3367.241083333334
825,4438.8429264069255
826,3885.5325
827,8106.065726190477
828,3435.685
829,2796.755238095238
830,3342.417833333335
831,2996.8613333333337
832,4371.2570000000005
833,4342.888000000001
834,2291.7781666666665
835,3114.163214285714
836,4095.2141666666657
837,2967.9290833333325
838,11947.213833333331
839,3607.4786785714296
840,5577.426349206348
841,2130.285
842,3486.97859920635
843,6524.34425
844,2788.185
845,12295.594761904762
846,7407.804583333333
847,7877.370095238095
848,4883.099375
849,1870.1454761904758
850,3426.4806666666673
851,3355.318880952381
852,3762.79625
853,5858.469916666667
854,5307.535
855,1920.4298849206357
856,4944.219
857,3399.6668333333328
858,8828.270416666666
859,5996.976375000001
860,4039.0873928571436
861,1855.7667103174606
862,3620.055
863,2187.9504999999995
864,2824.115
865,3057.7344166666667
866,3803.8729166666667
867,6166.772404761907
868,1323.17
869,1494.6529999999996
870,4197.074166666666
871,5351.913583333333
872,2911.018910714285
873,2471.9332420634923
874,3979.465
875,4188.201702380953
876,2525.215819264069
877,4904.103166666667
878,4702.789083333334
879,7044.2399166666655
880,7865.831875
881,3222.063333333333
882,5137.145
883,10363.2525
884,2132.3027500000003
885,4384.385
886,4866.882035714285
887,3692.5238333333336
888,5225.062333333334
889,1436.480166666667
890,4231.595
891,3478.603333333333
892,2699.743333333334
893,4750.224916666666
894,4598.275333333333
895,3786.9413807720075
896,1838.4347059329561
897,3672.444416666667
898,4964.975
899,2425.250833333333
900,6360.823833333334
901,4137.252714285714
902,7294.59
903,9359.692678571428
904,4661.115
905,3136.2964999999995
906,4430.32425
907,2585.8
908,2187.9950000000003
909,2418.826666666667
910,2387.9360079365074
911,9181.475499999999
912,3523.170535714286
913,7817.422541666667
914,2570.0125
915,3478.4122817460316
916,4869.068023809524
917,3472.1564166666667
918,2768.8755952380952
919,3571.685416666666
920,2948.2405
921,5407.871184523811
922,2996.0020833333338
923,2771.126666666667
924,2598.2358333333336
925,7064.03875
926,6347.1226825396825
927,5080.820833333332
928,4989.251833333333
929,10153.011666666665
930,1079.4136250000001
931,2833.5450833333334
932,2218.51025
933,3346.425
934,3569.4399166666662
935,3123.82
936,2761.3685714285716
937,3457.4027500000016
938,5295.151833333333
939,5430.6291666666675
940,2980.8299999999995
941,3118.8662500000005
942,2072.217
943,3157.360666666667
944,1197.0956488095237
945,2921.418952380952
946,6110.66528706016
947,4798.8925
948,3249.9444583333334
949,5692.737023809525
950,3766.2141428571426
951,5719.944416666665
952,4883.099375
953,4354.8075
954,4746.453089285715
955,3292.32225
956,4628.435199938951
957,3258.8175
958,7266.78
959,4547.435988095241
960,5062.034666666667
961,3971.0406666666663
962,1623.0695833333332
963,4332.0325
964,2796.755238095238
965,1279.5141666666668
966,5586.041960317461
967,2601.045388111888
968,6138.154678571432
969,4835.25219047619
970,3557.8261666666663
971,3479.8728412698406
972,2685.5340833333335
973,6713.79
974,4257.87625
975,3636.754345238095
976,8103.970833333334
977,5035.872083333334
978,5173.5815
979,2475.672738095238
980,3548.395
981,1858.5254166666666
982,10931.913833333332
983,1816.8275
984,4099.80375
985,5678.49875
986,5356.7328333333335
987,3067.4121785714287
988,5114.286666666666
989,2700.08
990,3370.12375
991,2387.9360079365074
992,3409.443583333333
993,5450.810015873016
994,5768.349916666666
995,3711.236470238095
996,5890.481166666667
997,2201.3026666666665
998,1953.0225
999,4593.1575
1000,6122.4675595238095
1001,5319.2
1002,3546.6284722222226
1003,1158.7873809523812
1004,4738.7810238095235
1005,2895.09
1006,5384.636428571428
1007,3188.686976190476
1008,9673.98823809524
1009,1994.434261904762
1010,2548.173875
1011,1540.715
1012,11133.439809523808
1013,4492.093777777777
1014,2763.7667500000007
1015,1632.5175
1016,2471.9332420634923
1017,4225.540750000001
1018,2344.409987193362
1019,4555.8832142857145
1020,3851.896500000002
1021,5053.8325
1022,3719.8216666666667
1023,2338.9151666666667
1024,5025.154702380953
1025,3139.4553333333333
1026,4736.424952380952
1027,1593.2400238095238
1028,4783.198333333334
1029,4548.314662698413
1030,3802.306861111112
1031,2517.5791666666664
1032,2305.696369047619
1033,3326.2929166666668
1034,3073.6325
1035,3818.1572619047615
1036,3607.9371666666666
1037,5670.208333333332
1038,3897.211476190477
1039,5236.481158730158
1040,4207.0391666666665
1041,4035.756916666666
1042,5437.342083333333
1043,3412.3200000000006
1044,3178.8260416666667
1045,5231.688
1046,6151.43051190476
1047,3298.8737500000007
1048,4706.848333333333
1049,1903.7532142857142
1050,5245.492666666667
1051,4356.352458333334
1052,5126.740583333333
1053,2807.975
1054,5120.131767857145
1055,2345.3909166666663
1056,11557.45016468254
1057,3203.5355773809524
1058,3049.6044285714283
1059,1422.151
1060,4425.645666666667
1061,8229.811416666666
1062,4432.410916666666
1063,4788.641666666666
1064,5120.131767857145
1065,2832.81
1066,5372.523833333333
1067,3694.512809523809
1068,5404.77875
1069,2559.0033333333336
1070,964.2285833333331
1071,3052.052166666667
1072,4997.4037499999995
1073,1526.448972222222
1074,4704.05
1075,7276.086666666666
1076,2929.148648809524
1077,3455.6172832722823
1078,6604.829805555558
1079,1635.5276666666668
1080,7162.301533730155
1081,1033.8840833333334
1082,4808.547023809524
1083,3612.7300000000005
1084,1978.9633333333325
1085,6393.132464285713
1086,2742.5958333333333
1087,1912.22
1088,1888.600321428571
1089,3369.3864592352093
1090,2074.2775
1091,2892.9122023809527
1092,3447.7155393217895
1093,3681.65481547619
1094,2909.6919166666667
1095,2856.0011666666664
1096,2769.889547619048
1097,8624.148916666665
1098,7193.570875000001
1099,6726.197369047618
1100,5898.038833333334
1101,4896.262583333333
1102,3593.2208333333338
1103,5744.350416666667
1104,4852.857916666667
1105,1557.474666666667
1106,3620.273732142858
1107,9685.230249999999
1108,2780.7680000000005
1109,3014.7595238095237
1110,4022.0862500000007
1111,3564.94525
1112,10363.70125
1113,3413.056666666667
1114,6128.9025
1115,1683.79125
1116,2905.55169047619
1117,5721.385
1118,5312.323654761904
1119,2612.01025
1120,2568.51825
1121,1890.827797619048
1122,4821.788416666666
1123,6447.4775
1124,5450.810015873016
1125,6996.537688492062
1126,2733.963275793651
1127,4832.2264583333335
1128,5947.1025
1129,5349.629761904762
1130,1891.525
1131,3150.3188452380955
1132,2651.7708571428575
1133,5993.941591810967
1134,5450.810015873016
1135,3224.200833333334
1136,5122.393416666666
1137,7250.138416666667
1138,6324.1882460317465
1139,1385.4459404761906
1140,4162.857
1141,5352.349238095237
1142,7550.742519841271
1143,3691.434718795093
1144,3643.588214285714
1145,1076.2265753968254
1146,3361.795
1147,7673.945750000001
1148,2797.6358333333337
1149,5128.673238095239
1150,5248.345333333334
1151,3147.5125833333336
1152,2449.425
1153,4067.4828333333335
1154,3974.300333333334
1155,2157.563458333333
1156,4770.657
1157,2907.2616666666668
1158,1376.9420833333338
1159,4097.015416666667
1160,3136.8873333333327
1161,7191.560857142858
1162,3811.595291666666
1163,5390.4255
1164,8098.1182499999995
1165,5675.627916666667
1166,1823.3879166666666
1167,5014.573214285714
1168,3979.364833333334
1169,1842.4231666666665
1170,6383.125749999999
1171,3203.0106309523817
1172,3025.1337575757575
1173,2255.460375
1174,4503.341666666667
1175,3464.8669285714295
1176,3648.4915833333334
1177,3961.3562499999994
1178,3821.959900793651
1179,3750.726583333333
1180,1300.6866390692637
1181,1654.5163333333333
1182,3924.24
1183,4713.280357142857
1184,4297.816333333333
1185,3704.8879742063496
1186,4172.336416666667
1187,3490.7425
1188,8987.286666666667
1189,3491.6358333333337
1190,2332.4554166666667
1191,4292.895797619048
1192,3855.53625
1193,6317.326789682541
1194,7133.713333333332
1195,6871.023333333333
1196,2596.9948571428567
1197,9497.516583333334
1198,2857.1017148268397
1199,6075.768464285714
1200,6305.9160833333335
1201,4887.130285714286
1202,2324.0457650964236
1203,4025.498333333333
1204,3255.7929999999997
1205,6016.800922619049
1206,4837.223333333333
1207,4412.809535714286
1208,5078.877833333333
1209,4342.81875
1210,4011.5491666666667
1211,1930.5457857142856
1212,2741.8368333333333
1213,2338.9418749999995
1214,1793.3183333333334
1215,3816.155
1216,4770.762833333332
1217,5440.376341269842
1218,4106.896166666666
1219,2229.8030000000003
1220,2298.764198412699
1221,10363.2525
1222,8947.474642857143
1223,4092.5849696969694
1224,5233.164529761902
1225,3804.145083333334
1226,2241.48225
1227,5240.342321428571
1228,2240.3212499999995
1229,4471.696999999999
1230,2271.897595238096
1231,2777.0185833333335
1232,4511.829202380954
1233,2284.727666666667
1234,3118.3995238095235
1235,3680.7099047619045
1236,4827.011666666667
1237,4018.6539880952387
1238,2405.241
1239,2389.0893690476178
1240,5450.810015873016
1241,2450.1107380952376
1242,3423.33625
1243,2316.801469696971
1244,4721.919166666667
1245,3167.195
1246,2122.42
1247,3626.93125
1248,3406.5635
1249,7214.466347527474
1250,1608.070523809524
1251,12950.802825396828
1252,3233.96025
1253,4472.2055
1254,8304.402
1255,2018.3214166666667
1256,3177.4343849206357
1257,3280.7616666666663
1258,3064.4058452380955
1259,4103.615
1260,7231.988821428572
1261,2490.3526071428573
1262,3699.634625
1263,7892.195666666667
1264,5343.310765151514
1265,1753.9751666666668
1266,4061.1343809523805
1267,2817.0134166666667
1268,7079.876998015875
1269,1471.4200537518034
1270,3573.8405000000002
1271,2439.4625
1272,1455.16
1273,4226.75592857143
1274,2460.41
1275,3618.305416666667
1276,2794.077208333333
1277,2446.7575
1278,7145.95
1279,4833.017553571428
1280,4698.133416666667
1281,2556.6862757936497
1282,9051.168333333333
1283,3703.5318472222225
1284,4439.8075
1285,5533.9158333333335
1286,4284.057533730159
1287,1517.5385833333335
1288,9052.456561507937
1289,2914.914130952381
1290,2980.538
1291,3939.8367380952377
1292,6541.195
1293,6787.701182539682
1294,5502.777680674891
1295,1547.975
1296,2563.40451388889
1297,3784.693166666667
1298,2296.3920000000003
1299,4530.8575
1300,7234.342583333334
1301,10078.376333333332
1302,5197.024644841271
1303,5160.184166666666
1304,4021.2176190476193
1305,4492.912333333335
1306,3300.496583333333
1307,3428.4641666666666
1308,6243.551666666667
1309,3057.52125
1310,3674.775
1311,4809.969833333334
1312,2664.951047619048
1313,4626.276666666667
1314,2385.6502222222225
1315,3227.530333333333
1316,3382.67
1317,3953.3916141219897
1318,3974.599
1319,4449.805083333334
1320,3907.683464285714
1321,9653.01
1322,3910.0201011904755
1323,4813.4595
1324,3217.775015873017
1325,4684.7297499999995
1326,6903.707654761906
1327,4949.946484126985
1328,1945.3089404761902
1329,4680.083452380952
1330,4290.4248869047615
1331,2558.14
1332,3712.60825
1333,3301.8239861111106
1334,5890.516750000001
1335,3126.092785714285
1336,2560.0210357142855
1337,4235.502333333334
1338,953.3232500000001
1339,3146.632702380953
1340,3223.428826923076
1341,2263.5465
1342,8671.7520734127
1343,3941.939166666666
1344,3696.395
1345,6731.886666666667
1346,7668.300625
1347,1921.3953571428574
1348,6334.111666666668
1349,3076.0
1350,3411.385416666666
1351,3755.7692500000003
1352,4910.968583333333
1353,5845.319
1354,2191.1766666666667
1355,3042.5429166666663
1356,6837.067083333332
1357,5728.180208333334
1358,6237.66875
1359,4295.908166666667
1360,2037.6036666666666
1361,4598.275333333333
1362,4064.47080952381
1363,4495.870749542125
1364,4567.1345833333335
1365,4618.6230000000005
1366,1584.779623015873
1367,1528.6157500000002
1368,2870.0657499999998
1369,2338.9418749999995
1370,4320.011666666666
1371,5326.836100468976
1372,7384.916916666666
1373,5873.829000000001
1374,2160.94
1375,3251.8785
1376,2914.914130952381
1377,3602.705
1378,2472.856761904762
1379,7939.724821428572
1380,7704.595541666667
1381,7538.1268250915755
1382,3780.414642857143
1383,4193.358666666666
1384,2808.3464880952383
1385,2157.802964285713
1386,1697.04475
1387,1644.9622738095238
1388,3104.0898690476192
1389,3226.1304166666664
1390,6126.9235
1391,4917.9451071428575
1392,2450.432023809524
1393,2458.225152777778
1394,1156.0251666666666
1395,3314.2224880952376
1396,2416.0475
1397,2909.599809523809
1398,3324.4720149711393
1399,2978.1448333333337
1400,3670.9570000000003
1401,4137.474059523808
1402,2273.5793333333327
1403,5376.155
1404,3925.035797619047
1405,6649.850166666666
1406,3911.1022500000004
1407,3181.922650793651
1408,3546.740416666667
1409,4594.357
1410,2706.0169166666665
1411,6304.195492063493
1412,4432.9535
1413,4179.12275
1414,2438.7434761904765
1415,3293.07
1416,4682.683291666666
1417,5931.915130952381
1418,3864.865
1419,4224.6375
1420,1913.349412698413
1421,5409.42
1422,2585.381964285715
1423,3880.014416666667
1424,5088.215166666667
1425,3033.85
1426,6819.71530570818
1427,6476.545083333333
1428,9002.612779761906
1429,2465.539283730159
1430,4761.113666666667
1431,4312.66343452381
1432,3882.481511904762
1433,3488.6392499999997
1434,3640.1191666666664
1435,2099.761638888889
1436,2173.765333333333
1437,6468.97
1438,7374.358499999999
1439,3526.2073333333337
1440,9534.506249999999
1441,4067.4828333333335
1442,3214.528578823955
1443,6042.351801587299
1444,5267.991861111111
1445,2590.7433333333333
1446,2856.2489166666674
1447,9803.031166666666
1448,3036.632619047619
1449,4368.323014069264
1450,3167.061666666667
1451,2545.504805194806
1452,1933.51
1453,7697.41675
1454,2770.54125
1455,3816.8201666666664
1456,4846.981940476191
1457,1517.5385833333335
1458,5625.328333333333
1459,3674.939375
1460,2349.3908333333334
1461,2556.4025
1462,2345.9318194444445
1463,3723.1614999999997
1464,2707.1308333333336
1465,2809.661376262626
1466,4323.024166666666
1467,5206.02
1468,11118.044279761903
1469,2384.2183333333332
1470,3039.5814523809527
1471,4591.034422619048
1472,2753.9081666666666
1473,8046.298333333334
1474,2770.2791666666662
1475,4855.569029761908
1476,13068.440803571424
1477,10150.455
1478,3693.9525
1479,3396.14
1480,1982.0839404761905
1481,3105.6475595238094
1482,8445.422885558886
1483,2386.6216666666664
1484,4770.046666666667
1485,5442.375
1486,2563.40451388889
1487,3535.3728333333333
1488,1632.5175
1489,2682.857666666667
1490,1858.5254166666666
1491,8734.68734920635
1492,3347.3855257936516
1493,7604.497714285714
1494,2365.0938571428574
1495,1575.0783333333334
1496,3729.8832500000003
1497,2257.380626984127
1498,7094.0214166666665
1499,4374.231845238096
1500,5586.041960317461
1501,3641.4695
1502,1885.7263333333335
1503,3172.8962160894657
1504,2649.4312738095236
1505,5644.3335
1506,2044.1223452380952
1507,4401.44
1508,3821.959900793651
1509,12679.204365079366
1510,1703.73
1511,3739.459166666666
1512,4335.051763680763
1513,4823.317607142858
1514,5122.393416666666
1515,6269.906249999999
1516,2950.025827533576
1517,5248.345333333334
1518,2174.1629166666667
1519,4921.406
1520,2405.0969166666673
1521,7590.393583333334
1522,2395.7888988095237
1523,4898.53
1524,3196.6775
1525,2495.037
1526,4240.6498095238085
1527,6988.805833333334
1528,3850.9275
1529,3741.1664583333336
1530,1927.4919702380953
1531,6138.154678571432
1532,6167.002194166943
1533,3312.11
1534,3306.685
1535,3438.33
1536,2541.0829285714285
1537,3015.189916666667
1538,13196.352916666667
1539,3447.7155393217895
1540,5779.99
1541,6174.093083333335
1542,2638.413285714286
1543,2621.963299145299
1544,8775.9775
1545,4492.425
1546,5871.482392857143
1547,3752.881666666666
1548,2569.227083333333
1549,2933.6482738095237
1550,2899.2142261904764
1551,3292.065
1552,4165.284630952381
1553,2378.9186666666665
1554,3915.2347499999996
1555,1850.5419583333332
1556,8128.522916666666
1557,3448.7828928571435
1558,2796.755238095238
1559,4217.197916666666
1560,6138.154678571432
1561,3351.174382936508
1562,2638.413285714286
1563,5491.594083333333
1564,4750.907916666667
1565,5287.090916666668
1566,3245.237
1567,3952.1729761904758
1568,4826.127668650794
1569,2559.4234166666665
1570,2939.563666666667
1571,2950.475083333333
1572,2523.804875
1573,5493.302583333333
1574,4291.717083333334
1575,1668.5265317460319
1576,4379.025
1577,1765.425
1578,7518.887250000001
1579,5467.547083333334
1580,1478.8694642857145
1581,3350.995
1582,1756.978904761905
1583,3378.467035714286
1584,7870.985
1585,1928.7166964285714
1586,7111.2660000000005
1587,2293.3766666666666
1588,7522.2425
1589,1709.2025
1590,6046.632083333334
1591,4791.607666666667
1592,8005.4800416666685
1593,4747.367142857143
1594,3783.6727500000015
1595,2387.510666666667
1596,5138.918648809525
1597,4983.755
1598,2429.1354166666665
1599,5985.0375
1600,2169.3769166666666
1601,3055.321202380953
1602,3542.905
1603,7344.763250000001
1604,5564.2767261904755
1605,5176.278478354978
1606,5687.599166666668
1607,5469.31
1608,12738.008916666666
1609,5579.003226190474
1610,4735.7525
1611,3611.7216807359305
1612,4609.371202380953
1613,4763.9917857142855
1614,2869.66925
1615,3139.172333333333
1616,2988.228
1617,4733.469863095237
1618,1792.8326706349203
1619,4014.7158750000003
1620,3663.0560416666685
1621,1663.9118333333336
1622,4163.331793650795
1623,5528.607857142857
1624,3077.855
1625,2253.0658333333336
1626,6484.837178030302
1627,5554.336875
1628,4443.815833333334
1629,2319.9333333333334
1630,3455.291666666667
1631,6350.663952380954
1632,3103.13575
1633,2763.7667500000007
1634,6113.965
1635,1640.743
1636,9181.475499999999
1637,6701.941301587302
1638,4347.490333333333
1639,1095.5076666666669
1640,3246.78
1641,1845.6995000000002
1642,1508.8956706349202
1643,4928.286327380953
1644,4678.340416666666
1645,2638.413285714286
1646,1889.18
1647,5136.353416666667
1648,5999.71
1649,3179.99
1650,5719.944416666665
1651,2759.609583333333
1652,13068.440803571424
1653,2758.703333333334
1654,2830.705083333333
1655,2522.879392857142
1656,4028.8949404761906
1657,3129.566242063492
1658,5035.475
1659,2099.321988095238
1660,1630.6881666666668
1661,3613.8891666666664
1662,4276.065
1663,2328.6925595238095
1664,2097.533111111111
1665,5366.708589285716
1666,5210.01161904762
1667,3096.426619047619
1668,6324.1882460317465
1669,8676.83
1670,3773.719428571428
1671,4256.158511904761
1672,6699.6455860389615
1673,3989.0700476190477
1674,2341.75175
1675,7143.596166666667
1676,3050.9966666666664
1677,2329.6370555555563
1678,1854.4493793290053
1679,3424.0826785714285
1680,6330.348333333333
1681,3042.338083333333
1682,1481.7969523809527
1683,5042.766547619049
1684,2166.1142777777777
1685,3848.2481428571427
1686,4820.506666666667
1687,993.1923333333334
1688,9645.791121031745
1689,4978.507142857143
1690,5120.131767857145
1691,3579.8854464285714
1692,3233.305880952382
1693,6078.7330833333335
1694,9108.627248015875
1695,4189.793
1696,4200.0975
1697,3532.3847763209005
1698,6539.088125000001
1699,1403.3165
1700,2359.2304999999997
1701,3696.918958333333
1702,1913.349412698413
1703,6883.919666666668
1704,1186.7219047619046
1705,7636.405
1706,4805.145
1707,2733.0154801587296
1708,1762.5904503968256
1709,5318.440982142857
1710,5330.207202380954
1711,4070.191558802309
1712,3342.417833333335
1713,5194.804249999999
1714,4296.55
1715,3956.2425
1716,1832.1929166666666
1717,3067.4121785714287
1718,2945.8641666666667
1719,1631.312011904762
1720,4931.33375
1721,4664.971357142857
1722,3932.40875
1723,4316.966890873018
1724,1307.8948333333333
1725,2972.978261904762
1726,1911.80625
1727,1611.828
1728,1958.7816666666665
1729,5219.161382034633
1730,3378.467035714286
1731,3479.8728412698406
1732,5614.067916666668
1733,4128.854333333333
1734,4137.252714285714
1735,3659.7715833333327
1736,2201.3193333333334
1737,2996.3925
1738,2105.0460000000003
1739,2293.7666190476193
1740,3098.6430833333334
1741,3991.272249999999
1742,4169.249261904761
1743,965.0300000000002
1744,3170.2486666666664
1745,2150.0843095238097
1746,4042.42375
1747,2902.531694444445
1748,4291.682083333334
1749,2775.8578928571433
1750,5318.454166666667
1751,5095.147799603175
1752,5600.164039682539
1753,3804.9863333333337
1754,3358.2190714285716
1755,4368.488748015872
1756,4368.488748015872
1757,8189.134587301586
1758,5371.88
1759,13069.511999999999
1760,5161.7795
1761,5323.211220238092
1762,839.2380833333335
1763,1627.7674007936505
1764,2893.7652499999995
1765,2794.0430000000006
1766,7454.274083333335
1767,2209.672083333333
1768,2089.5964761904766
1769,3453.3273095238096
1770,6386.656
1771,2907.47575
1772,3316.347916666667
1773,2064.486246212122
1774,2315.2862499999997
1775,5922.027708333334
1776,7204.855416666667
1777,2941.79375
1778,1540.1007499999998
1779,5134.955
1780,1694.035
1781,2338.9418749999995
1782,3705.497666666666
1783,7524.832055555556
1784,2474.4230859279614
1785,2554.1591666666664
1786,2944.414
1787,7786.904083333335
1788,3334.401666666666
1789,2152.255
1790,3583.485053571429
1791,1703.8456666666668
1792,3454.0188333333335
1793,1664.8845
1794,4338.1185
1795,11947.213833333331
1796,4290.4248869047615
1797,4526.76
1798,5202.454833333333
1799,3527.6481825396813
1800,7162.418500000001
1801,4054.8300000000004
1802,2802.2125
1803,4241.127833333333
1804,4833.06375
1805,3013.6531666666665
1806,4298.854166666667
1807,3159.569654761905
1808,7249.162083333333
1809,1820.1759166666668
1810,5731.031285714284
1811,5278.088333333332
1812,4196.517833333334
1813,2106.167583333333
1814,3349.544916666667
1815,2750.183333333333
1816,2405.347142857143
1817,4960.523023809524
1818,8065.618333333331
1819,1679.2182678571428
1820,1695.5836666666667
1821,2873.9245595238103
1822,4053.071749999999
1823,1609.5190000000002
1824,4670.393958333334
1825,8285.761583333333
1826,1986.7634999999998
1827,4702.439
1828,4659.367333333334
1829,2133.6943333333334
1830,5308.707916666667
1831,5036.557583333333
1832,2855.23175
1833,4228.162083333334
1834,3214.528578823955
1835,3766.485
1836,7071.331416666667
1837,1750.38125
1838,2669.10125
1839,2994.4505
1840,1006.0555654761908
1841,2470.836
1842,4651.346166666667
1843,3351.147
1844,3807.8741666666665
1845,3930.0725
1846,6413.068035714286
1847,3045.111511904762
1848,3798.1020000000003
1849,5112.16375
1850,3619.091535714286
1851,2380.61
1852,2792.463166666667
1853,4669.95353553391
1854,3912.3
1855,2690.5282916666665
1856,8356.582916666666
1857,4925.77
1858,3719.8216666666667
1859,5262.055
1860,2857.637607142857
1861,2520.2214166666668
1862,3512.9025000000006
1863,2879.491666666667
1864,3550.744833333333
1865,4471.999645923522
1866,2879.109666666667
1867,3234.106861111111
1868,9842.930833333332
1869,3653.16
1870,5060.160833333333
1871,6603.338125000001
1872,2231.6721041666656
1873,1823.2406666666666
1874,2200.2231428571426
1875,3979.025
1876,10115.987047619048
1877,4012.238
1878,2152.93
1879,4251.837619047619
1880,4562.228941558443
1881,7384.916916666666
1882,4131.97
1883,3986.9579166666663
1884,8528.300916666667
1885,2395.7888988095237
1886,8022.702738095238
1887,2238.6383333333333
1888,2405.0278333333335
1889,3324.4720149711393
1890,4021.2176190476193
1891,1422.151
1892,3318.47
1893,4836.534416666666
1894,1787.9371729797977
1895,4299.1984999999995
1896,954.045479076479
1897,2751.37
1898,3755.268333333333
1899,6681.782273809524
1900,5084.61875
1901,3955.211
1902,5498.710654761904
1903,3989.194166666666
1904,4583.359773809521
1905,7017.385
1906,5315.645702380953
1907,2304.6
1908,7450.3254761904755
1909,1762.3559999999998
1910,5901.5234285714305
1911,3166.4492499999997
1912,6692.83
1913,6369.47025
1914,6001.077166666667
1915,3830.3174365079362
1916,13377.062970238096
1917,2764.1031547619054
1918,2646.139916666667
1919,1926.9295000000002
1920,2619.53
1921,5477.63
1922,3406.105
1923,4016.2701666666667
1924,2280.789726190475
1925,4430.948928571429
1926,7474.195
1927,6864.576666666668
1928,1620.8796666666665
1929,3163.083630952381
1930,1868.0083333333332
1931,6271.097333333333
1932,2466.596
1933,4592.4304999999995
1934,8496.03
1935,6985.945
1936,3789.254166666667
1937,8024.916248015877
1938,6897.569011904762
1939,2094.547380952381
1940,4335.558321428572
1941,2242.5334960317455
1942,6899.794833333334
1943,4296.192500000001
1944,5120.520249999999
1945,2208.24555952381
1946,2857.637607142857
1947,2000.104166666667
1948,4418.708333333333
1949,4330.440833333333
1950,3378.467035714286
1951,4347.538573412699
1952,3308.339852647353
1953,3572.349166666667
1954,4141.107142857142
1955,6940.24
1956,2597.3985833333336
1957,3621.833791666666
1958,4221.957926406926
1959,2863.4973015873006
1960,6064.05667857143
1961,2284.727666666667
1962,2364.86775
1963,13087.65042857143
1964,2608.974333333333
1965,3393.79
1966,1528.6157500000002
1967,2136.095
1968,9851.076833333333
1969,6105.49675
1970,6563.694678571429
1971,4603.4275
1972,2418.4481130952377
1973,3846.220416666667
1974,2288.978757936509
1975,2533.071130952381
1976,2796.0015000000003
1977,4952.801071428571
1978,2875.2338571428572
1979,3064.4058452380955
1980,4381.140283979908
1981,2566.3879166666666
1982,6894.9225
1983,1662.910654761905
1984,6329.7682738095245
1985,1543.534738095238
1986,2387.9360079365074
1987,7668.249999999999
1988,6093.063107683982
1989,4009.7565992063487
1990,3923.135
1991,2909.395
1992,2362.461083333333
1993,4361.147154761904
1994,3100.913369047619
1995,1753.9751666666668
1996,1534.2641547619053
1997,3040.475625
1998,3220.3540357142856
1999,3819.9586666666664
2000,3081.2565595238093
2001,6838.241666666666
2002,2457.3275
2003,4311.614880952381
2004,6168.114702380952
2005,1616.175
2006,6154.07
2007,4014.1200833333332
2008,4178.6554166666665
2009,2648.597166666667
2010,2020.3175
2011,6767.479999999999
2012,4302.779416666666
2013,3308.339852647353
2014,3674.939375
2015,3736.2900833333338
2016,1476.0316666666665
2017,8881.130535714286
2018,2947.0861428571434
2019,3409.30875
2020,4825.147083333333
2021,2205.3240535714285
2022,4670.112023809524
2023,6439.777678571429
2024,1907.8371666666667
2025,2562.5361666666668
2026,3843.1952499999998
2027,2736.73875
2028,997.187224206349
2029,4972.661023809524
2030,7442.194
2031,2780.7680000000005
2032,2242.5334960317455
2033,2284.862226190476
2034,3074.3691666666664
2035,3920.268333333334
2036,2667.5210310245297
2037,3278.521166666667
2038,3619.836333333333
2039,1796.544583333333
2040,6892.071166666667
2041,5140.320273809523
2042,8026.1075
2043,5543.086666666666
2044,3534.060892857143
2045,5639.649166666667
2046,3075.836416666667
2047,4187.041916666666
2048,2985.4499166666665
2049,4153.318214285715
2050,5796.68
2051,3119.6307281746035
2052,2369.1017539682543
2053,2133.6943333333334
2054,9775.677916666667
2055,5296.3720476190465
2056,5658.825
2057,2617.220416666667
2058,6146.075097222222
2059,2179.6905595238095
2060,6168.114702380952
2061,2097.498583333333
2062,6866.401916666667
2063,3560.135045454545
2064,2284.727666666667
2065,3129.566242063492
2066,2087.09975
2067,1909.5189166666667
2068,3835.3116666666665
2069,2950.3771746031744
2070,8048.280166666667
2071,3717.2835019841273
2072,4443.815833333334
2073,2719.9869761904765
2074,3684.94375
2075,2702.16
2076,5914.152567460317
2077,6329.7682738095245
2078,4794.607333333334
2079,979.5646249999998
2080,2120.983113095237
2081,3969.6401071428572
2082,964.83
2083,2446.1141666666667
2084,4245.376636904763
2085,2771.703444444445
2086,3848.2481428571427
2087,3498.8651190476203
2088,3865.3666666666663
2089,1761.78
2090,6342.17875
2091,3769.4556924117524
2092,6725.275
2093,2114.595
2094,7245.168333333334
2095,5290.018666666666
2096,2292.84
2097,4919.509285714285
2098,3509.1917718253953
2099,3555.204166666667
2100,4217.074928571429
2101,6945.834307359306
2102,2267.0514166666667
2103,7122.925
2104,5919.937916666666
2105,3980.748642857143
2106,2352.3738333333336
2107,1592.2853214285715
2108,4257.069523809525
2109,3960.3691666666655
2110,1166.264744047619
2111,3252.2175
2112,7346.013571428572
2113,4393.181642857142
2114,2102.855111111111
2115,5613.679503968255
2116,1528.153642857143
2117,6116.731011904762
2118,4448.86625
2119,2482.035
2120,3832.3859166666666
2121,2854.8734821428575
2122,3519.415
2123,1681.8604166666667
2124,2638.413285714286
2125,4503.546916666667
2126,2649.419226190476
2127,3022.358537698412
2128,2471.803130952381
2129,5335.411666666668
2130,5968.728166666667
2131,5932.153333333333
2132,7040.696916666667
2133,2331.8800833333335
2134,2266.6195000000002
2135,4857.061333333333
2136,3348.455166666666
2137,4997.4037499999995
2138,4540.252666666668
2139,7017.4875
2140,4312.66343452381
2141,4131.085452380952
2142,7121.445
2143,3865.776666666666
2144,2528.386773809523
2145,6188.9552936507935
2146,7059.690583333332
2147,4492.981964285715
2148,1841.1524166666668
2149,4441.547083333334
2150,4067.4828333333335
2151,5597.734202380951
2152,1778.255
2153,8918.93325
2154,3600.6606666666657
2155,5022.251309523811
2156,4190.812833333333
2157,3045.9532083333343
2158,3667.1925
2159,2943.5668333333333
2160,2923.368166666667
2161,3409.7950833333334
2162,2243.7225
2163,2783.29
2164,3431.934666666666
2165,7299.12
2166,3464.684142857144
2167,4292.531666666667
2168,1284.440333333333
2169,2740.7173333333326
2170,5326.836100468976
2171,5407.871184523811
2172,3572.8133928571433
2173,2225.1614166666664
2174,4531.358940476191
2175,3308.3523333333333
2176,5431.172511904761
2177,6433.2225119047625
2178,2984.1741666666667
2179,1895.7731666666666
2180,3123.164523809524
2181,2734.1365
2182,3455.291666666667
2183,3864.788666666666
2184,3754.290833333334
2185,1941.379
2186,2333.5355000000004
2187,5221.926666666665
2188,3793.48
2189,3366.634555555556
2190,4539.859166666667
2191,1398.4211785714288
2192,1041.4036666666666
2193,5740.959916666666
2194,1927.5626944444446
2195,3209.6165
2196,4883.099375
2197,3008.9577499999996
2198,7564.218823412696
2199,2836.2049226190466
2200,3459.1628333333333
2201,4226.85463095238
2202,5999.135
2203,2025.07
2204,4809.215535714286
2205,3591.485333333333
2206,5068.5602499999995
2207,3239.4179166666663
2208,6110.66528706016
2209,2405.347142857143
2210,4972.1078333333335
2211,4993.87625
2212,2807.471547619047
2213,4587.555583333334
2214,8456.952898809526
2215,4435.36
2216,3308.339852647353
2217,6708.882416666667
2218,8803.237166666666
2219,4177.475595238096
2220,4459.930416666666
2221,2445.9906011904754
2222,3249.19086111111
2223,5976.05
2224,2155.2436825396826
2225,2050.7425
2226,5408.525833333332
2227,2933.6482738095237
2228,1961.0602500000002
2229,3411.385416666666
2230,1839.2055892857143
2231,7217.197981782108
2232,2751.062940476191
2233,3691.320714285714
2234,5777.459166666667
2235,2995.121583333334
2236,2048.613214285714
2237,3764.439063492062
2238,4037.488211580087
2239,4735.7525
2240,3269.6905000000006
2241,5260.611500000002
2242,2894.17
2243,4125.24
2244,1720.851666666667
2245,1243.6102272727271
2246,994.1450833333332
2247,3354.908
2248,2184.083
2249,3711.236470238095
2250,4669.4215
2251,5679.863166666666
2252,3529.818440476191
2253,2613.2595833333335
2254,3423.6788941468526
2255,4188.201702380953
2256,2490.47125
2257,5270.8025
2258,1854.1750833333335
2259,2326.751666666667
2260,3366.634555555556
2261,4268.021557539682
2262,2591.483406746031
2263,4459.930416666666
2264,3865.771113095238
2265,3158.546154761905
2266,1786.1106666666665
2267,8291.36316666667
2268,5856.573083333334
2269,6323.649672619049
2270,2261.8142738095244
2271,3736.692488095237
2272,3004.326666666667
2273,4377.515625
2274,2748.0588333333335
2275,6375.971845238096
2276,3045.7141666666666
2277,3584.557666666666
2278,4531.538321428571
2279,2601.9908333333333
2280,6039.39875
2281,2590.183
2282,3603.095166666666
2283,4382.504333333333
2284,1914.3833333333332
2285,4659.367333333334
2286,2184.083
2287,2951.7773333333334
2288,3477.33925
2289,3456.8080833333333
2290,963.8964166666666
2291,2933.510714285714
2292,2976.544166666666
2293,7040.696916666667
2294,9778.4555
2295,8086.986250000001
2296,2322.499226190476
2297,1507.4086369047616
2298,5366.96
2299,4587.555583333334
2300,3472.800666666667
2301,4002.2932730880234
2302,2642.5944444444444
2303,1588.94
2304,2693.4126666666666
2305,10045.748
2306,3119.4225952380953
2307,6579.238
2308,4353.8215
2309,4344.9985
2310,2304.6
2311,2296.21225
2312,3145.361416666666
2313,2065.836666666667
2314,5547.445
2315,1886.3196666666665
2316,2541.512964285714
2317,5632.064166666667
2318,13068.440803571424
2319,8596.767357142853
2320,5855.199166666667
2321,3150.3188452380955
2322,1762.5904503968256
2323,3647.6998333333336
2324,3165.653
2325,3186.3565516566778
2326,4064.9590357142865
2327,5641.192416666667
2328,5163.443747294371
2329,2662.0816666666665
2330,4592.569750000001
2331,4381.179202380953
2332,2649.0716785714294
2333,1437.4451666666666
2334,2561.665
2335,3127.4339999999997
2336,1809.9979999999998
2337,6998.759916666668
2338,1859.0143333333335
2339,3563.2359166666665
2340,3682.945666666666
2341,3378.775428571428
2342,2955.5974166666674
2343,2738.0225595238094
2344,2897.539884920635
2345,5450.810015873016
2346,5457.156547619047
2347,7411.569214285714
2348,6773.080833333333
2349,2000.939571428571
2350,2919.966
2351,5061.656
2352,5600.164039682539
2353,4341.96
2354,10707.618267857142
2355,5613.679503968255
2356,3611.844666666667
2357,5042.766547619049
2358,5010.2575
2359,5096.554833333334
2360,4176.69339069264
2361,1565.0825
2362,2830.3111904761904
2363,1803.9534523809527
2364,1716.235
2365,2182.253035714286
2366,4172.572166666666
2367,2878.6004166666667
2368,1729.311833333333
2369,1770.55025
2370,5644.558583333334
2371,5769.922805555556
2372,2629.6294107142853
2373,4376.1975
2374,2917.0531547619053
2375,1847.9522023809527
2376,1507.4086369047616
2377,3783.326201354201
2378,7315.826500000001
2379,7355.97125
2380,1963.8468333333333
2381,2728.445
2382,10362.718499999999
2383,4046.3814880952386
2384,2239.234083333333
2385,2830.705083333333
2386,1818.4900833333334
2387,4265.122773809524
2388,960.0232619047617
2389,7422.966666666666
2390,5613.247083333334
2391,3276.9051666666664
2392,1690.3727499999995
2393,2908.436357142857
2394,1680.9266666666665
2395,2865.1266904761906
2396,5029.611416666667
2397,8338.74275
2398,5203.656
2399,4515.82875
2400,3301.038583333333
2401,4249.459250000001
2402,3442.6984642857133
2403,3973.37875
2404,4365.628333333334
2405,1886.3196666666665
2406,5427.476702380954
2407,3448.7828928571435
2408,1738.2115000000003
2409,2129.991351190476
2410,1299.7648333333334
2411,2950.025827533576
2412,3150.399916666667
2413,5993.941591810967
2414,6405.294583333333
2415,1760.4857976190476
2416,8089.322005494505
2417,5696.478166666667
2418,3123.9136428571433
2419,5742.045
2420,5010.575
2421,8005.4800416666685
2422,2037.6036666666666
2423,2595.3745833333332
2424,4014.7158750000003
2425,3396.151666666666
2426,2463.2628571428577
2427,3038.98
2428,3433.302916666667
2429,1421.7606666666666
2430,3233.96025
2431,5707.877
2432,4495.015
2433,5028.411345238093
2434,2344.409987193362
2435,9549.803273809523
2436,6536.826666666666
2437,4091.072916666667
2438,1506.1518333333331
2439,8207.470999999998
2440,1698.27625
2441,4982.6424166666675
2442,7232.83
2443,3881.984583333334
2444,5911.56
2445,3590.925
2446,2467.025
2447,3221.6616666666664
2448,4333.213535714287
2449,2180.346714285714
2450,2748.4560357142855
2451,3121.019166666667
2452,5891.2264523809545
2453,3691.434718795093
2454,4732.766666666666
2455,2324.7578750000002
2456,6140.076666666668
2457,3424.572190476191
2458,3164.145833333333
2459,3371.6125
2460,1197.1455
2461,3665.458928571429
2462,5335.565
2463,5008.3795
2464,2269.2269503968255
2465,3304.7771904761903
2466,1554.665789682539
2467,5127.24625
2468,4738.340523809525
2469,2256.3866249999996
2470,3065.921666666666
2471,2781.505
2472,5870.329375
2473,3008.9577499999996
2474,4661.700964285718
2475,3811.789428571428
2476,5559.404166666666
2477,3877.714583333334
2478,6699.6455860389615
2479,7484.8675
2480,2411.546238095238
2481,2332.3618333333334
2482,5211.224988095237
2483,3753.748333333333
2484,3203.2582750721513
2485,4969.619000000001
2486,2081.0529523809523
2487,5136.11625
2488,1492.2792857142858
2489,2550.394416666667
2490,2177.545523809524
2491,3932.7707638888883
2492,1911.9023333333334
2493,3136.8873333333327
2494,2478.5507499999994
2495,2842.3971666666666
2496,5826.080755952381
2497,4884.917880952382
2498,6084.7016904761895
2499,2698.1367619047614
2500,1906.4171250000002
2501,5213.702630952381
2502,3023.7724999999996
2503,2056.94
2504,3050.3495833333336
2505,7269.845541666667
2506,2690.5282916666665
2507,2567.76375
2508,1982.0839404761905
2509,3620.282047619048
2510,3232.23625
2511,6088.082416666668
2512,1508.8956706349202
2513,6253.191250000001
2514,3119.0525
2515,3843.66
2516,8835.573916666666
2517,2623.9683333333332
2518,1630.6881666666668
2519,3546.7993333333343
2520,2712.9116666666664
2521,3200.4254166666665
2522,3823.085
2523,5297.677708333334
2524,3595.2470833333327
2525,5082.29525
2526,10931.913833333332
2527,4610.250083333335
2528,5481.363773809525
2529,1796.9279999999999
2530,2855.723333333334
2531,6329.7682738095245
2532,3314.162694444445
2533,2025.1731666666667
2534,6707.306144841269
2535,7040.696916666667
2536,4943.228500000001
2537,2157.563458333333
2538,1510.9975317460319
2539,7026.17
2540,7814.013333333333
2541,6089.941333333333
2542,6908.170833333333
2543,11719.871630952377
2544,5268.058916666667
2545,4749.943071428573
2546,3809.81068452381
2547,4252.9661904761915
2548,2095.651095238095
2549,3363.859166666666
2550,2754.914
2551,4952.309166666667
2552,4528.836468253968
2553,1925.0198333333333
2554,6895.835
2555,4302.54413095238
2556,4652.425682539685
2557,2393.574583333333
2558,3370.9896666666664
2559,3235.401619047619
2560,2967.9290833333325
2561,4400.644291666667
2562,3619.1495833333333
2563,2811.5535
2564,1653.4371666666668
2565,5096.4725
2566,5584.337839285713
2567,2748.035666666667
2568,4047.078404761905
2569,1621.1916666666668
2570,8881.130535714286
2571,2445.162954906204
2572,3955.65
2573,3214.528578823955
2574,3636.41
2575,4070.205666666667
2576,2377.5133333333333
2577,2565.129297619048
2578,2481.437119047619
2579,9052.456561507937
2580,4528.836468253968
2581,1269.2019642857144
2582,4951.3285000000005
2583,4180.452666666667
2584,3915.853488095238
2585,2995.121583333334
2586,1990.2317857142857
2587,3088.048474545878
2588,7111.2660000000005
2589,2524.314107142857
2590,3219.348208333333
2591,3821.959900793651
2592,3211.96
2593,3075.836416666667
2594,8625.54
2595,3022.535416666667
2596,2144.681119047619
2597,3986.765
2598,3555.447123015873
2599,4330.267333333333
2600,1681.0879166666668
2601,3691.2374166666677
2602,2808.3225
2603,7704.595541666667
2604,6295.288333333334
2605,5819.300833333333
2606,1381.2740059523812
2607,9983.49275
2608,5148.929416666667
2609,11245.95225
2610,5669.037190476189
2611,3401.927130952381
2612,2004.455
2613,10115.987047619048
2614,3847.436714285715
2615,3749.601357142857
2616,3521.5328452380945
2617,2700.5241071428572
2618,2962.4458333333337
2619,7608.656565476192
2620,9214.0185
2621,2402.3445833333335
2622,2617.945
2623,3370.9896666666664
2624,3146.217
2625,3232.310623362749
2626,1166.264744047619
2627,6568.7635
2628,3442.7
2629,1076.2265753968254
2630,2994.745
2631,3147.5125833333336
2632,4281.58575
2633,6928.767666666666
2634,2753.9081666666666
2635,1289.2392698412698
2636,4458.416666666667
2637,3862.682142857142
2638,1664.1504967532476
2639,1815.56375
2640,7098.23
2641,3303.140833333334
2642,5502.777680674891
2643,2586.666666666667
2644,4453.703333333334
2645,3994.365666666667
2646,2417.8280337301585
2647,4996.670000000001
2648,3557.8261666666663
2649,5086.6762499999995
2650,1926.47
2651,3046.8
2652,3302.4928333333337
2653,4902.246666666667
2654,2284.727666666667
2655,3822.21
2656,4137.252714285714
2657,5560.678833333333
2658,7560.746007326006
2659,2749.797023809524
2660,3594.0280952380945
2661,2972.3024166666664
2662,3578.8060477994227
2663,8981.41125
2664,3864.83675
2665,1563.5825833333333
2666,3382.503833333333
2667,4749.5485
2668,2903.89125
2669,5736.360583333332
2670,5138.918648809525
2671,1521.0014523809523
2672,7288.74
2673,1687.0892142857142
2674,4691.655
2675,1026.135
2676,4577.819583333333
2677,7162.301533730155
2678,4243.664000000001
2679,3567.5954027777784
2680,2013.9031190476192
2681,2797.507690476191
2682,2478.263023809524
2683,6271.097333333333
2684,5800.016750000001
2685,4776.871488095238
2686,2010.3679761904764
2687,2381.95025
2688,3839.7209166666667
2689,2903.7319761904764
2690,7985.899749999999
2691,4148.68625
2692,4238.924357142858
2693,2403.442166666667
2694,5387.1525
2695,3323.383446428572
2696,3448.2119166666666
